{
  "MRR": 0.2884374260902405,
  "Hits@1": 0.0,
  "Hits@3": 0.4427860677242279,
  "Hits@10": 0.9402984976768494
}