{
  "MRR": 0.2870931029319763,
  "Hits@1": 0.0,
  "Hits@3": 0.45771142840385437,
  "Hits@10": 0.9502487778663635
}