{
  "MRR": 0.30589160323143005,
  "Hits@1": 0.0,
  "Hits@3": 0.4776119291782379,
  "Hits@10": 0.9552238583564758
}