{
  "MRR": 0.32827553153038025,
  "Hits@1": 0.0,
  "Hits@3": 0.5373134613037109,
  "Hits@10": 0.9601989984512329
}